capacity,buy_probability,buyer_high_probability,seller_low_probability,rho,max_adjacent_value_difference,max_span,span_bound,horizon,adjacent_pairs
2,0.05,0.0,0.0,0.0,0.9947506561679944,1.8897637795275841,8,4096,20
2,0.05,0.0,0.0,0.001,0.994750656168037,1.8897637795307105,8,4096,20
2,0.05,0.0,0.0,0.1,0.994750656168037,1.8897637795279252,8,4096,20
2,0.05,0.0,0.0,1.0,0.9947506561679944,1.8897637795275841,8,4096,20
2,0.05,0.55,0.55,0.0,1.9751352023374693,4.665568471436984,8,4096,20
2,0.05,0.55,0.55,0.001,1.9751330598962795,4.661656009829812,8,4096,20
2,0.05,0.55,0.55,0.1,1.956837687384791,4.270743652397414,8,4096,20
2,0.05,0.55,0.55,1.0,1.5137663755463109,2.3390938864631607,8,4096,20
2,0.05,1.0,1.0,0.0,1.9895013123360172,4.769028871391413,8,4096,20
2,0.05,1.0,1.0,0.001,1.9895012030559656,4.7668909119178124,8,4096,20
2,0.05,1.0,1.0,0.1,1.9884794190593311,4.5557052529566135,8,4096,20
2,0.05,1.0,1.0,1.0,1.9425000000001091,2.792500000000473,8,4096,20
2,0.5,0.0,0.0,0.0,0.5,0.5,8,4096,20
2,0.5,0.0,0.0,0.001,0.5,0.5,8,4096,20
2,0.5,0.0,0.0,0.1,0.5,0.5,8,4096,20
2,0.5,0.0,0.0,1.0,0.5,0.5,8,4096,20
2,0.5,0.55,0.55,0.0,0.5724999999999998,0.5724999999999998,8,4096,20
2,0.5,0.55,0.55,0.001,0.5725000000000002,0.5725000000000002,8,4096,20
2,0.5,0.55,0.55,0.1,0.5725000000000002,0.5725000000000002,8,4096,20
2,0.5,0.55,0.55,1.0,0.5724999999999998,0.5724999999999998,8,4096,20
2,0.5,1.0,1.0,0.0,1.0,1.0,8,4096,20
2,0.5,1.0,1.0,0.001,1.0,1.0,8,4096,20
2,0.5,1.0,1.0,0.1,1.0,1.0,8,4096,20
2,0.5,1.0,1.0,1.0,1.0,1.0,8,4096,20
2,0.8,0.0,0.0,0.0,0.9047619047619833,1.4285714285715585,8,4096,20
2,0.8,0.0,0.0,0.001,0.9047619047621538,1.4285714287188966,8,4096,20
2,0.8,0.0,0.0,0.1,0.9047619047623812,1.4285714285733775,8,4096,20
2,0.8,0.0,0.0,1.0,0.9047619047619833,1.4285714285715585,8,4096,20
2,0.8,0.55,0.55,0.0,1.626865671642463,3.059701492539716,8,4096,20
2,0.8,0.55,0.55,0.001,1.626862744198661,3.0562071747613118,8,4096,20
2,0.8,0.55,0.55,0.1,1.6058560790002048,2.7414622888400118,8,4096,20
2,0.8,0.55,0.55,1.0,1.3150000000005093,1.690000000000964,8,4096,20
2,0.8,1.0,1.0,0.0,1.8095238095239665,3.666666666668334,8,4096,20
2,0.8,1.0,1.0,0.001,1.8095233282974732,3.6643903826993665,8,4096,20
2,0.8,1.0,1.0,0.1,1.8053024481291686,3.4448896695603253,8,4096,20
2,0.8,1.0,1.0,1.0,1.6800000000012005,2.0800000000017462,8,4096,20
2,0.95,0.0,0.0,0.0,0.9947506561680086,1.8897637795275841,8,4096,20
2,0.95,0.0,0.0,0.001,0.994750656168037,1.8897637795364517,8,4096,20
2,0.95,0.0,0.0,0.1,0.9947506561680939,1.8897637795278115,8,4096,20
2,0.95,0.0,0.0,1.0,0.9947506561680086,1.8897637795275841,8,4096,20
2,0.95,0.55,0.55,0.0,1.9751352023374125,4.665568471437098,8,4096,20
2,0.95,0.55,0.55,0.001,1.9751330598961658,4.661656009828334,8,4096,20
2,0.95,0.55,0.55,0.1,1.9568376873846773,4.270743652397414,8,4096,20
2,0.95,0.55,0.55,1.0,1.5137663755460835,2.3390938864636155,8,4096,20
2,0.95,1.0,1.0,0.0,1.9895013123360172,4.769028871391413,8,4096,20
2,0.95,1.0,1.0,0.001,1.9895012030560792,4.766890911909854,8,4096,20
2,0.95,1.0,1.0,0.1,1.9884794190595585,4.555705252956841,8,4096,20
2,0.95,1.0,1.0,1.0,1.9425000000005639,2.792500000000473,8,4096,20
8,0.05,0.0,0.0,0.0,0.9999999998884732,7.888888888944734,20,4096,68
8,0.05,0.0,0.0,0.001,0.9999999998884732,7.888888888949566,20,4096,68
8,0.05,0.0,0.0,0.1,0.9999999998885301,7.888888888944962,20,4096,68
8,0.05,0.0,0.0,1.0,0.9999999998884732,7.888888888944734,20,4096,68
8,0.05,0.55,0.55,0.0,1.9999999809234623,16.682539681633102,20,4096,68
8,0.05,0.55,0.55,0.001,1.9999999791737082,16.67404217727892,20,4096,68
8,0.05,0.55,0.55,0.1,1.999991724601614,16.202743124723725,20,4096,68
8,0.05,0.55,0.55,1.0,1.5224999933550407,8.310859894226041,20,4096,68
8,0.05,1.0,1.0,0.0,1.9999999997769464,16.777777777666415,20,4096,68
8,0.05,1.0,1.0,0.001,1.9999999997580744,16.773921939624643,20,4096,68
8,0.05,1.0,1.0,0.1,1.9999999787939942,16.546238682781222,20,4096,68
8,0.05,1.0,1.0,1.0,1.9499999998411113,8.78333333458886,20,4096,68
8,0.5,0.0,0.0,0.0,0.7801284790039062,1.7797380341216922,20,4096,68
8,0.5,0.0,0.0,0.001,0.7801284790039062,1.7797380341217064,20,4096,68
8,0.5,0.0,0.0,0.1,0.7801284790039062,1.7797380341216993,20,4096,68
8,0.5,0.0,0.0,1.0,0.7801284790039062,1.7797380341216922,20,4096,68
8,0.5,0.55,0.55,0.0,1.0881277517257217,2.256662200386927,20,4096,68
8,0.5,0.55,0.55,0.001,1.0880443724008018,2.2389148679922073,20,4096,68
8,0.5,0.55,0.55,0.1,1.0794637615163083,2.0699815283378484,20,4096,68
8,0.5,0.55,0.55,1.0,1.0465196599370756,1.9785069075478532,20,4096,68
8,0.5,1.0,1.0,0.0,1.5711761265993118,4.66666666666606,20,4096,68
8,0.5,1.0,1.0,0.001,1.570788005339466,4.612973580100515,20,4096,68
8,0.5,1.0,1.0,0.1,1.5322575908523675,3.6037787803277297,20,4096,68
8,0.5,1.0,1.0,1.0,1.3603515625,2.646728515625,20,4096,68
8,0.8,0.0,0.0,0.0,0.9999771117291516,7.333401998147792,20,4096,68
8,0.8,0.0,0.0,0.001,0.9999771117295495,7.333401998206,20,4096,68
8,0.8,0.0,0.0,0.1,0.9999771117295495,7.3334019981509755,20,4096,68
8,0.8,0.0,0.0,1.0,0.9999771117291516,7.333401998147792,20,4096,68
8,0.8,0.55,0.55,0.0,1.9970155915893884,14.519398654677389,20,4096,68
8,0.8,0.55,0.55,0.001,1.9970028424422708,14.489708751063972,20,4096,68
8,0.8,0.55,0.55,0.1,1.9782753530639638,12.679737802016462,20,4096,68
8,0.8,0.55,0.55,1.0,1.43917985264261,6.848394866260151,20,4096,68
8,0.8,1.0,1.0,0.0,1.9999542234583032,15.666758219755138,20,4096,68
8,0.8,1.0,1.0,0.001,1.999953775249196,15.656394443129557,20,4096,68
8,0.8,1.0,1.0,0.1,1.9997047995047978,15.103921461152822,20,4096,68
8,0.8,1.0,1.0,1.0,1.79997253376132,7.800338750289484,20,4096,68
8,0.95,0.0,0.0,0.0,0.9999999998884732,7.888888888944734,20,4096,68
8,0.95,0.0,0.0,0.001,0.9999999998885301,7.888888888950021,20,4096,68
8,0.95,0.0,0.0,0.1,0.9999999998885301,7.888888888944962,20,4096,68
8,0.95,0.0,0.0,1.0,0.9999999998884732,7.888888888944734,20,4096,68
8,0.95,0.55,0.55,0.0,1.9999999809234623,16.682539681634694,20,4096,68
8,0.95,0.55,0.55,0.001,1.9999999791737082,16.674042177285855,20,4096,68
8,0.95,0.55,0.55,0.1,1.9999917246015002,16.202743124723725,20,4096,68
8,0.95,0.55,0.55,1.0,1.5224999933550407,8.310859894225814,20,4096,68
8,0.95,1.0,1.0,0.0,1.9999999997769464,16.77777777766653,20,4096,68
8,0.95,1.0,1.0,0.001,1.999999999758188,16.77392193962237,20,4096,68
8,0.95,1.0,1.0,0.1,1.9999999787939942,16.546238682780768,20,4096,68
8,0.95,1.0,1.0,1.0,1.9499999998411113,8.78333333458977,20,4096,68
