architecture,case,horizon,cell,mse,rmse,skill,ci95_low,ci95_high
fno,id_r256,1,A00,0.0002827376411952286,0.01681480422708598,0.9929609407783457,0.989674962448417,0.9956358048020186
fno,id_r256,1,A01,0.0002703922669529339,0.01644360869617536,0.9932682922156628,0.9899921293807556,0.9959379161377805
fno,id_r256,1,A10,29.97730144674217,5.475153098018554,-745.3173254787727,-849.837527842808,-658.266592546877
fno,id_r256,1,A11,0.0002037406689993076,0.014273775569179572,0.9949276557982059,0.9926554241700082,0.9967938088316314
fno,id_r256,1,R00,0.00024837546617553606,0.015759932302377953,0.9938164242715445,0.9907956176263638,0.9962584710601419
fno,id_r256,1,R01,0.00024108406115330244,0.015526881887658656,0.9939979516817032,0.9909924011112049,0.996430681619224
fno,id_r256,1,R10,25.83253010074611,5.0825712096089815,-642.1287622533458,-736.258956749755,-565.737950919251
fno,id_r256,1,R11,0.00017078382608588146,0.013068428600481446,0.9957481520294317,0.9937173813436577,0.9973895171256668
fno,id_r256,4,A00,0.00036739623786238574,0.019167582994795818,0.9991290699425224,0.9987282232557863,0.9994492887798021
fno,id_r256,4,A01,0.00034735902462747014,0.01863757024473604,0.9991765690986812,0.9987781166750889,0.9994963123038689
fno,id_r256,4,A10,26.048292397144508,5.103752775864492,-60.748701964486045,-80.08737004685425,-44.91590072926216
fno,id_r256,4,A11,0.00032101995649391545,0.017917029789948875,0.9992390070982017,0.9988581154372336,0.9995434959629088
fno,id_r256,4,R00,0.0003376585464107746,0.0183754876509652,0.9991995645384276,0.9988116993643971,0.9995104137416083
fno,id_r256,4,R01,0.00031929922916593806,0.01786894594445733,0.9992430861632443,0.9988574663961063,0.9995520855946971
fno,id_r256,4,R10,29.636536459953838,5.443944935426316,-69.25480324099578,-78.2534123353473,-61.93548377386223
fno,id_r256,4,R11,0.00029389274546285976,0.017143300308367106,0.9993033134275205,0.9989338644756336,0.9995960660294483
fno,id_r256,16,A00,0.0007885713168572938,0.028081512011593923,0.998495926402332,0.9979228701441188,0.9989607589057737
fno,id_r256,16,A01,0.0006439777905809865,0.02537671749027022,0.9987717154154712,0.9982599124331581,0.9991808795746371
fno,id_r256,16,A10,142.10669768364707,11.920851382499787,-270.0457855474396,-461.0988773998311,-112.7863388552614
fno,id_r256,16,A11,0.0005876881385072333,0.024242279977494553,0.998879078919185,0.9983874368750472,0.9992701727949257
fno,id_r256,16,R00,0.0006228005098632183,0.024955971426959486,0.9988121076895966,0.9983685412468287,0.9991695092805544
fno,id_r256,16,R01,0.0004911531728709243,0.02216197583409305,0.9990632039183595,0.9986503384975854,0.9993943913631953
fno,id_r256,16,R10,139.1510616302232,11.796230823030855,-264.4083827441177,-310.3764806883322,-227.81767019869372
fno,id_r256,16,R11,0.00042075763670448434,0.020512377646301375,0.9991974721387198,0.9988425046563439,0.9994858071415827
fno,id_r256,31,A00,0.0016808577946608107,0.04099826575186822,0.9971572497262051,0.9961531150597802,0.997991924878411
fno,id_r256,31,A01,0.0011992228116067456,0.03462979658627445,0.9979718147562125,0.997212294040768,0.9986006498209966
fno,id_r256,31,A10,923.7620080253429,30.393453374457845,-1561.3122369880698,-3719.640358611407,-325.82801593917554
fno,id_r256,31,A11,0.0011604457138984046,0.03406531540876151,0.9980373965118361,0.9969757937341603,0.9987481890990269
fno,id_r256,31,R00,0.0012038468303827814,0.03469649593810276,0.9979639943857544,0.9973429586676767,0.9984898939259323
fno,id_r256,31,R01,0.0007808087977963914,0.027942956139184547,0.998679457339718,0.9981873915274607,0.9990830671744935
fno,id_r256,31,R10,586.7361766485434,24.222637689742697,-991.3173941966933,-1307.7027560079678,-744.2794785229563
fno,id_r256,31,R11,0.0006422588952672653,0.02534282729427136,0.9989137798235117,0.9985275093980625,0.9992354405264927
fno,ood_r512,1,A00,0.00037744021095957207,0.019427820540646654,0.9906131036060418,0.987328307382826,0.9932848137501411
fno,ood_r512,1,A01,0.0003527307697987568,0.018781128022532532,0.9912276246808883,0.9879577062863629,0.9938628026191748
fno,ood_r512,1,A10,30.230526355334455,5.498229383659294,-750.8298543520652,-856.1567719130786,-663.1528003331453
fno,ood_r512,1,A11,0.00036438827778702986,0.019088956959117224,0.9909377037436902,0.9886743256118201,0.9927619552502083
fno,ood_r512,1,R00,0.0003487169185045537,0.018673963652758717,0.9913274487196245,0.9882951110906498,0.9937445464152502
fno,ood_r512,1,R01,0.000334491769634289,0.018289116152353808,0.9916812266022045,0.9886501477670708,0.9940831889640543
fno,ood_r512,1,R10,26.01464229742156,5.100455106892086,-645.9812830777997,-740.7101994524576,-569.0666412700032
fno,ood_r512,1,R11,0.0003501873275037731,0.01871329280227756,0.9912908798100817,0.9892942945217083,0.9929044167380776
fno,ood_r512,4,A00,0.0005428944577724324,0.023300095660156256,0.9987138374410335,0.9983153613692817,0.9990294501014387
fno,ood_r512,4,A01,0.0005051933730154236,0.022476507135572102,0.9988031544766979,0.9984106754155057,0.9991157250343751
fno,ood_r512,4,A10,26.439102065685322,5.141896738139081,-61.63645296565929,-81.31371989064677,-45.53315664384129
fno,ood_r512,4,A11,0.0005141431301362273,0.022674724477625464,0.9987819517505403,0.9984081710883463,0.9990793434003913
fno,ood_r512,4,R00,0.0005267538791080555,0.022951119343248935,0.998752075827263,0.9983622211895689,0.9990562789516029
fno,ood_r512,4,R01,0.0004921016903990081,0.022183365173007636,0.9988341697721647,0.9984472613234712,0.9991353764876594
fno,ood_r512,4,R10,29.799406139985237,5.458883231942705,-69.59729549265924,-78.64831269878695,-62.242337564339664
fno,ood_r512,4,R11,0.000494856387510243,0.02224536777646625,0.9988276436633878,0.9984662495312157,0.9991125629752907
fno,ood_r512,16,A00,0.0014033979497681953,0.037461953362954735,0.9973241876862193,0.9967663105173941,0.9977957471938048
fno,ood_r512,16,A01,0.0011481796907214354,0.03388480029041687,0.9978108038740026,0.9973199170527312,0.9982134038084167
fno,ood_r512,16,A10,147.40727487426707,12.141139768335883,-280.05656083832775,-479.00674307883963,-115.64383488663273
fno,ood_r512,16,A11,0.0011559309808411786,0.033998984997219824,0.9977960247462765,0.9972657077895871,0.9982227114056436
fno,ood_r512,16,R00,0.0012962523402228567,0.03600350455473546,0.9975284786654361,0.9970372825515289,0.9979343283413098
fno,ood_r512,16,R01,0.001038248626670326,0.03222186566091923,0.9980204057869194,0.9975969306453817,0.9983714422654661
fno,ood_r512,16,R10,139.6705405618138,11.81822916353435,-265.30518618715985,-311.55939898212597,-228.54013324877604
fno,ood_r512,16,R11,0.0009185586338543929,0.030307732245326322,0.9982486147255645,0.9978702612938986,0.9985608947712136
fno,ood_r512,31,A00,0.002820530471124941,0.05310866662913823,0.9952317089327426,0.9942311377681444,0.99611333212876
fno,ood_r512,31,A01,0.0019698492293630174,0.04438298355634755,0.9966698411591812,0.9959434767452716,0.9972763175701567
fno,ood_r512,31,A10,986.7237405446099,31.41215911943351,-1667.1209602437477,-4030.577962748682,-331.78395586966775
fno,ood_r512,31,A11,0.00203840181333054,0.04514866347225065,0.9965539485364578,0.9953801292488172,0.997374762052679
fno,ood_r512,31,R00,0.0024088446064536645,0.049079981728334665,0.9959276907883278,0.9951057977011588,0.9966171658365748
fno,ood_r512,31,R01,0.001574173878907181,0.03967586015333733,0.997338756194288,0.996816310832934,0.9977844882143789
fno,ood_r512,31,R10,590.0070587379277,24.29006090436843,-996.445486443128,-1316.0202046453758,-746.7162994229562
fno,ood_r512,31,R11,0.0012920247606608406,0.035944745939578436,0.9978157477155433,0.9973842631901932,0.9981827609209825
fno,ood_r1024,1,A00,0.0005284872709509656,0.022988851014153915,0.9868600490758314,0.9835802867881275,0.9895176492809965
fno,ood_r1024,1,A01,0.00048674496402692453,0.022062297342455624,0.9878979016308352,0.9846623652257716,0.9905021274650853
fno,ood_r1024,1,A10,30.358584121742695,5.509862441272259,-753.8153520692017,-859.5132916166374,-665.7974418007069
fno,ood_r1024,1,A11,0.0005953596669196261,0.02439999317458155,0.9851973789425874,0.9828353930785312,0.9872233480173527
fno,ood_r1024,1,R00,0.0005077815754472186,0.02253400930698349,0.9873748615182965,0.9843329136157098,0.9898353587643662
fno,ood_r1024,1,R01,0.00048188056009151073,0.021951778062186917,0.9880188468881763,0.9850248668200673,0.9904222357895425
fno,ood_r1024,1,R10,26.106175133957567,5.1094202346212985,-648.086324180894,-743.1298733902511,-570.8929969026811
fno,ood_r1024,1,R11,0.0006083681206521835,0.024665119514248934,0.9848739455260407,0.9827732375676599,0.9867076400343977
fno,ood_r1024,4,A00,0.0008156294675516213,0.028559227362651485,0.9980680036918438,0.9976730991397939,0.9983862721619613
fno,ood_r1024,4,A01,0.0007540975275750696,0.02746083625046895,0.998213755513716,0.9978227386521696,0.9985208445033736
fno,ood_r1024,4,A10,26.63751874017455,5.16115478746516,-62.096773610870024,-81.96220406204822,-45.854697799212516
fno,ood_r1024,4,A11,0.0007827874439833915,0.027978338835309566,0.9981457971885361,0.9977721809351126,0.9984449739849377
fno,ood_r1024,4,R00,0.000811047178017049,0.028478890041872224,0.9980788578441468,0.9976840150968712,0.998390663639423
fno,ood_r1024,4,R01,0.0007505538708988138,0.02739623826182737,0.998222149437536,0.9978371067064183,0.9985234991457004
fno,ood_r1024,4,R10,29.880562615628936,5.466311609817806,-69.77863043903807,-78.85643947670341,-62.40527169168947
fno,ood_r1024,4,R11,0.0007764258100120176,0.027864418350506036,0.9981608661062684,0.997799125842628,0.9984481071640297
fno,ood_r1024,16,A00,0.00227870439869117,0.047735776925605496,0.995655653676726,0.99496081410928,0.9962573037593606
fno,ood_r1024,16,A01,0.0018786658936056574,0.04334357961227542,0.9964183264524201,0.9958413914124598,0.9969125908447348
fno,ood_r1024,16,A10,150.07503964518708,12.250511811560653,-285.1178251432036,-488.33428476103165,-117.34453508331434
fno,ood_r1024,16,A11,0.0019089553595789419,0.04369159369465644,0.9963605796335653,0.9957175608224441,0.9968935314876315
fno,ood_r1024,16,R00,0.002208364475369908,0.04699323861333573,0.9957897566290157,0.9951469284036988,0.9963412731877217
fno,ood_r1024,16,R01,0.001789722527872654,0.042305112313674974,0.9965878968381726,0.9960597416510713,0.9970376733516019
fno,ood_r1024,16,R10,139.94003503951797,11.829625312727279,-265.7954549313001,-312.21222527800427,-228.93811460290448
fno,ood_r1024,16,R11,0.0016136454134716034,0.040170205544303644,0.9969235875776121,0.9964231507958985,0.9973467370741014
fno,ood_r1024,31,A00,0.0043713694523943945,0.06611633272039817,0.9926106625201312,0.9913706927338362,0.9937099248915477
fno,ood_r1024,31,A01,0.0030503462898345875,0.05522994015780379,0.9948437123854386,0.9940351778190197,0.9955264151603007
fno,ood_r1024,31,A10,1017.1810571344151,31.893276048948234,-1718.4369387329934,-4175.526639887697,-334.9710308585286
fno,ood_r1024,31,A11,0.0031210034515329016,0.055865941785070636,0.994724273930546,0.9934318302042163,0.9956796309855094
fno,ood_r1024,31,R00,0.003920083020326766,0.06261056636324867,0.9933735144782989,0.9922889322595438,0.9942966954013742
fno,ood_r1024,31,R01,0.00259115594812452,0.050903398198200084,0.9956199250664631,0.9950047363140258,0.9961502967388894
fno,ood_r1024,31,R10,591.7392705936758,24.325691574828365,-999.2726189416566,-1320.819584521345,-748.1516254468464
fno,ood_r1024,31,R11,0.002188366307033118,0.0467799776296774,0.996300798331428,0.9957675507942697,0.9967643583612267
unet,id_r256,1,A00,0.0001860882280998735,0.0136414159125757,0.9953671323969798,0.9927682420375576,0.9970252830584844
unet,id_r256,1,A01,8.600590003988445e-05,0.009273936598871293,0.9978587901446967,0.9971600962195863,0.998391300862204
unet,id_r256,1,A10,0.47497012710151326,0.6891807651853854,-10.824894764810045,-14.091830518715955,-8.20683689554681
unet,id_r256,1,A11,4.168213920506412e-05,0.006456170630107612,0.9989622780854033,0.998729663046299,0.9991575437187362
unet,id_r256,1,R00,2.9938782922648727e-05,0.0054716343922678835,0.9992546416348177,0.9989732862967546,0.999487279223804
unet,id_r256,1,R01,2.820807800953574e-05,0.005311127753079918,0.9992977294045505,0.9990219867676914,0.9995230966532903
unet,id_r256,1,R10,0.09562265483340399,0.30922912998843427,-1.380629361760032,-2.4145996369694482,-0.5453659714229558
unet,id_r256,1,R11,3.276275071242884e-05,0.00572387549763522,0.999184335903935,0.998805989228992,0.9994807309876449
unet,id_r256,4,A00,0.0021743591720908284,0.046630024362966274,0.9948455793403217,0.9921488917734113,0.9966416641209008
unet,id_r256,4,A01,0.0013645672564690482,0.03694004949196804,0.9967652291541598,0.9955643693810021,0.9976957049130694
unet,id_r256,4,A10,0.692464626638298,0.8321445947900509,-0.641519958364899,-1.0233078701784857,-0.3212145188024041
unet,id_r256,4,A11,0.0006143328708867533,0.02478573926447935,0.9985436950425383,0.9981705678643487,0.9988588793798495
unet,id_r256,4,R00,0.0011059565484319825,0.03325592501242421,0.9973782779978974,0.9961884191882077,0.9983391066173929
unet,id_r256,4,R01,0.001079074695631214,0.032849272375978344,0.9974420026939941,0.9962615187815845,0.9983955062616622
unet,id_r256,4,R10,1.7596677935450868,1.3265247052147529,-3.1713752473091734,-4.8185815037151345,-1.7618478722794375
unet,id_r256,4,R11,0.0014081286549594686,0.037525040372522835,0.9966619648107038,0.9946990591772508,0.9981579273261725
unet,id_r256,16,A00,0.024103588947017904,0.15525330575230242,0.9540262612026846,0.9289736552338573,0.9715209620886213
unet,id_r256,16,A01,0.017133326118529673,0.13089433188083308,0.9673209221484025,0.9530767158630304,0.9783290159736798
unet,id_r256,16,A10,0.5930372619851418,0.7700891260011025,-0.1311236778684408,-0.4348988736692416,0.1086894251039696
unet,id_r256,16,A11,0.007436573620065994,0.08623557050351087,0.9858159258396157,0.9814578846536005,0.9894363963667642
unet,id_r256,16,R00,0.0346088878158186,0.18603464144029358,0.9339890846957508,0.9027461276644645,0.96020838145499
unet,id_r256,16,R01,0.03427437483440769,0.18513339740416285,0.9346271146781531,0.9030980409434414,0.9611305002499422
unet,id_r256,16,R10,29.323373107788548,5.415106010761797,-54.92964180052033,-76.34765771637106,-36.8372123734305
unet,id_r256,16,R11,0.045337173655049204,0.21292527716325557,0.9135265962256782,0.8466505758817257,0.9579043754216411
unet,id_r256,31,A00,0.07481096011549306,0.27351592296517774,0.8734759846866805,0.79445805290657,0.922996433623256
unet,id_r256,31,A01,0.05182084628421556,0.22764192558537094,0.9123580082558596,0.8718104195030012,0.9422308415163865
unet,id_r256,31,A10,0.6068178653404543,0.7789851509113985,-0.02628054456463591,-0.28893065717831723,0.18553543790150928
unet,id_r256,31,A11,0.02288494690750136,0.15127771451043726,0.9612958399611615,0.9494028840026308,0.9712900912574096
unet,id_r256,31,R00,0.18359972052000598,0.42848537958722227,0.689487024164209,0.5184129836554953,0.8280328667680386
unet,id_r256,31,R01,0.1802045076113271,0.4245050148247098,0.695229177043767,0.5247411432937645,0.8326194031049419
unet,id_r256,31,R10,107.67339934031318,10.376579366068242,-181.10260643546562,-252.7088414208417,-120.66745743107276
unet,id_r256,31,R11,0.24866493405989998,0.49866314688364527,0.5794455000135109,0.09546212874477511,0.8447796303432019
unet,ood_r512,1,A00,0.007819022952953806,0.08842523934349178,0.8055417620322913,0.7939070148122084,0.8170209427812799
unet,ood_r512,1,A01,0.007706733567488883,0.08778800355110533,0.8083343866570518,0.796799585655619,0.8197197426257179
unet,ood_r512,1,A10,0.4824399829067169,0.6945789968799208,-10.998229134980503,-14.262431939288101,-8.386342188517817
unet,ood_r512,1,A11,0.00742701983587096,0.08618015917756801,0.8152908362944384,0.8009657797499884,0.8288682017792004
unet,ood_r512,1,R00,0.005353415449723375,0.07316703800020453,0.8668611485442629,0.8504935042286924,0.8830045911291423
unet,ood_r512,1,R01,0.005351240263648445,0.07315217196808613,0.8669152451819025,0.8505407862687547,0.8830377280555499
unet,ood_r512,1,R10,0.1020787034281901,0.3194975796906607,-1.5386860893118826,-2.5750763050802554,-0.6967697770700366
unet,ood_r512,1,R11,0.005534776057035856,0.0743960755486192,0.8623507302545435,0.8459073529302541,0.878379957482369
unet,ood_r512,4,A00,0.14584411162615313,0.38189541975016295,0.6544830525827046,0.6333602802748571,0.6745880966180856
unet,ood_r512,4,A01,0.14470283273602721,0.3803982554324181,0.6571868381100826,0.6360336859970205,0.6771892393180973
unet,ood_r512,4,A10,0.8246645548415289,0.9081104309727583,-0.9536995800178234,-1.328190785780364,-0.6406706405091329
unet,ood_r512,4,A11,0.14313028583094117,0.37832563464684915,0.660912333779792,0.6363914810786572,0.6828127365706051
unet,ood_r512,4,R00,0.2184161699373192,0.4673501577375568,0.4825537523464406,0.41532912454268295,0.5448928042254513
unet,ood_r512,4,R01,0.2182657022282054,0.46718915037509745,0.48291022298456376,0.4156681508435485,0.5453581803768559
unet,ood_r512,4,R10,1.9796380733353116,1.4069961170292231,-3.6899288319790946,-5.339114168343468,-2.285134512918593
unet,ood_r512,4,R11,0.22867558786337489,0.4782003637215,0.45824832976499597,0.39116142042271357,0.5208917590327982
unet,ood_r512,16,A00,0.7576505223222905,0.8704312277959072,-0.44458711622542224,-0.6118532284955506,-0.2976359808948854
unet,ood_r512,16,A01,0.7504978208388956,0.8663127731015489,-0.4309492975944158,-0.5929522778931182,-0.2884716145931502
unet,ood_r512,16,A10,1.19571682310684,1.0934883735581462,-1.279833599295487,-1.601872724068135,-1.0112246829386282
unet,ood_r512,16,A11,0.6943051451933395,0.8332497495909252,-0.3238085871056373,-0.46501377885424466,-0.19758141985360897
unet,ood_r512,16,R00,2.2491754124348478,1.4997251122905317,-3.2884281435923857,-4.093532496318498,-2.6207964017643604
unet,ood_r512,16,R01,2.233213561231667,1.4943940448327766,-3.2579942114299083,-4.057418305206898,-2.596111235367467
unet,ood_r512,16,R10,31.17910011696059,5.583824864459897,-58.44815584157184,-79.67869562187433,-40.514971883974205
unet,ood_r512,16,R11,2.501095242852039,1.581485138359523,-3.768755326931359,-4.788564904432998,-2.930402873693294
unet,ood_r512,31,A00,0.6927113682070201,0.8322928380125711,-0.17107383275026522,-0.35229035295907374,-0.022904297411088747
unet,ood_r512,31,A01,0.6729377266741515,0.8203278165917278,-0.13764519964256405,-0.28475914930689294,-0.007996509435076736
unet,ood_r512,31,A10,1.0937757494214828,1.0458373436732324,-0.8490993764974692,-1.1279298479468929,-0.6170777868473136
unet,ood_r512,31,A11,0.563014017335155,0.7503425999736087,0.04818801389186944,-0.0573308575271849,0.1423763754899634
unet,ood_r512,31,R00,5.082342468875104,2.2544051252769775,-7.592032046161384,-10.832782357278102,-5.053743104873674
unet,ood_r512,31,R01,5.005507467589598,2.2372991457535574,-7.462137455752556,-10.63914337266311,-4.979188648472971
unet,ood_r512,31,R10,111.87978713725882,10.577324195525955,-188.14009087109096,-258.69720578400893,-129.03947414121131
unet,ood_r512,31,R11,6.33309757434662,2.516564637426708,-9.70651528178045,-14.14010732537232,-6.255782141775083
unet,ood_r1024,1,A00,0.017104311534261223,0.13078345283047554,0.5747299386275339,0.5494346817342748,0.5994468963764115
unet,ood_r1024,1,A01,0.016972860145793363,0.13027992994238738,0.5779982572575615,0.5526815434812397,0.6026287811942882
unet,ood_r1024,1,A10,0.4917526684042882,0.7012507885231133,-11.226606552006912,-14.4935138317173,-8.617610347727185
unet,ood_r1024,1,A11,0.01685617090382559,0.12983131711503812,0.5808995398373216,0.5473435620265983,0.6126370631722053
unet,ood_r1024,1,R00,0.011834508616911566,0.1087865277362577,0.7057547627248393,0.6711948883675838,0.7396395464605414
unet,ood_r1024,1,R01,0.011831378048356272,0.1087721381988801,0.705832599069142,0.6712665573203108,0.7396998473531458
unet,ood_r1024,1,R10,0.10909818924742758,0.3303001502382758,-1.7125437667539782,-2.746900635567926,-0.8688944584371686
unet,ood_r1024,1,R11,0.012321468854197376,0.11100211193575273,0.6936473119466147,0.6574656306530892,0.7277512550606732
unet,ood_r1024,4,A00,0.2945986620500018,0.5427694372843793,0.3021788077656228,0.2639750164599822,0.33801849786147614
unet,ood_r1024,4,A01,0.2928343495575056,0.5411417093123626,0.30635796675575677,0.26821409221435477,0.3421705167776425
unet,ood_r1024,4,A10,0.9575334768715537,0.9785363952718129,-1.2681269079267765,-1.6402623076491596,-0.9544056638698172
unet,ood_r1024,4,A11,0.2923774692475497,0.5407193997329388,0.307440187429752,0.2561902545029867,0.35060009061738456
unet,ood_r1024,4,R00,0.47618932965475463,0.6900647285977994,-0.12795829905218592,-0.26687929226760426,-0.000428858364340293
unet,ood_r1024,4,R01,0.4756652099361232,0.6896848627714858,-0.12671680717172773,-0.2652933852325737,0.0004882831901174986
unet,ood_r1024,4,R10,2.2027608056607457,1.484170073024229,-4.217719459134691,-5.85050828173777,-2.839368612306941
unet,ood_r1024,4,R11,0.49642126585299284,0.7045716896476844,-0.17588205315487127,-0.31391490117917403,-0.04570745329340813
unet,ood_r1024,16,A00,0.7326927135813704,0.8559747155035424,-0.3968774967763067,-0.5821725931970004,-0.23784943992581875
unet,ood_r1024,16,A01,0.7215583576982433,0.8494459121675983,-0.3756498649383766,-0.5529580469094783,-0.22172119904080953
unet,ood_r1024,16,A10,1.1324014303363452,1.0641435196139406,-1.1589215315411634,-1.503824999661177,-0.88079045878305
unet,ood_r1024,16,A11,0.6325338393895547,0.795319960386733,-0.2059247619290825,-0.3584198949174024,-0.07735347490837906
unet,ood_r1024,16,R00,4.951865156321787,2.2252786693629605,-8.44072306946505,-10.76101676373141,-6.611359015255579
unet,ood_r1024,16,R01,4.8863668645019676,2.2105128057765167,-8.315850679956522,-10.54934884858925,-6.537117209886002
unet,ood_r1024,16,R10,32.93063538123384,5.738522055480299,-61.7822041435964,-82.64008718688953,-44.35707886259025
unet,ood_r1024,16,R11,5.704368778905526,2.388382042074828,-9.875370032844655,-12.476853304454385,-7.741088306755269
unet,ood_r1024,31,A00,0.8416229732035002,0.9174001161998511,-0.42267457544793574,-0.67646064995009,-0.2074324263146043
unet,ood_r1024,31,A01,0.8163082396818082,0.9034977806734271,-0.3798826972409197,-0.5992610702098501,-0.18355050633966097
unet,ood_r1024,31,A10,1.0872695227867573,1.042722169509576,-0.837914073139391,-1.1325325991567345,-0.591533985924538
unet,ood_r1024,31,A11,0.5904527611664853,0.768409240682649,0.0019020891062609957,-0.14836857673835668,0.1289441051337944
unet,ood_r1024,31,R00,16.203408801781737,4.025345799031648,-26.39014793065811,-39.2877060443032,-16.717826275427576
unet,ood_r1024,31,R01,15.614067446099916,3.9514639623941803,-25.39392873312699,-37.3017254552679,-16.350507667801747
unet,ood_r1024,31,R10,118.30453380612731,10.876788763515053,-198.981295384034,-268.3608261686186,-141.20429332281446
unet,ood_r1024,31,R11,18.754416822549025,4.330636999628233,-30.702357041461273,-41.85065978486154,-21.40307783199636
